CREATE DATABASE  IF NOT EXISTS `finvision` /*!40100 DEFAULT CHARACTER SET utf8mb4 COLLATE utf8mb4_0900_ai_ci */ /*!80016 DEFAULT ENCRYPTION='N' */;
USE `finvision`;
-- MySQL dump 10.13  Distrib 8.0.40, for Win64 (x86_64)
--
-- Host: 127.0.0.1    Database: finvision
-- ------------------------------------------------------
-- Server version	8.4.3

/*!40101 SET @OLD_CHARACTER_SET_CLIENT=@@CHARACTER_SET_CLIENT */;
/*!40101 SET @OLD_CHARACTER_SET_RESULTS=@@CHARACTER_SET_RESULTS */;
/*!40101 SET @OLD_COLLATION_CONNECTION=@@COLLATION_CONNECTION */;
/*!50503 SET NAMES utf8 */;
/*!40103 SET @OLD_TIME_ZONE=@@TIME_ZONE */;
/*!40103 SET TIME_ZONE='+00:00' */;
/*!40014 SET @OLD_UNIQUE_CHECKS=@@UNIQUE_CHECKS, UNIQUE_CHECKS=0 */;
/*!40014 SET @OLD_FOREIGN_KEY_CHECKS=@@FOREIGN_KEY_CHECKS, FOREIGN_KEY_CHECKS=0 */;
/*!40101 SET @OLD_SQL_MODE=@@SQL_MODE, SQL_MODE='NO_AUTO_VALUE_ON_ZERO' */;
/*!40111 SET @OLD_SQL_NOTES=@@SQL_NOTES, SQL_NOTES=0 */;

--
-- Table structure for table `bs`
--

DROP TABLE IF EXISTS `bs`;
/*!40101 SET @saved_cs_client     = @@character_set_client */;
/*!50503 SET character_set_client = utf8mb4 */;
CREATE TABLE `bs` (
  `seasonsID` char(10) NOT NULL,
  `seasons` varchar(65) DEFAULT NULL,
  `RE` bigint DEFAULT NULL,
  `OP` bigint DEFAULT NULL,
  `ORR` bigint DEFAULT NULL,
  `ORRN` bigint DEFAULT NULL,
  `OE` bigint DEFAULT NULL,
  `CL` bigint DEFAULT NULL,
  `CA` bigint DEFAULT NULL,
  `NFL` bigint DEFAULT NULL,
  `NFA` bigint DEFAULT NULL,
  `INV` bigint DEFAULT NULL,
  `TS` bigint DEFAULT NULL,
  `BDP` bigint DEFAULT NULL,
  `AP` bigint DEFAULT NULL,
  `APR` bigint DEFAULT NULL,
  `ARN` bigint DEFAULT NULL,
  `ARRN` bigint DEFAULT NULL,
  `EIV` bigint DEFAULT NULL,
  `CSE` bigint DEFAULT NULL,
  `REU` bigint DEFAULT NULL,
  `CITL` bigint DEFAULT NULL,
  `TOEQ` bigint DEFAULT NULL,
  `POE` bigint DEFAULT NULL,
  `TSS` bigint DEFAULT NULL,
  `LEU` bigint DEFAULT NULL,
  `TCL` bigint DEFAULT NULL,
  `TCA` bigint DEFAULT NULL,
  `IA` bigint DEFAULT NULL,
  `SEU` bigint DEFAULT NULL,
  `CE` bigint DEFAULT NULL,
  `STB` bigint DEFAULT NULL,
  `NFLR` bigint DEFAULT NULL,
  `TEQ` bigint DEFAULT NULL,
  `TLQ` bigint DEFAULT NULL,
  `CPL` bigint DEFAULT NULL,
  `CPNL` bigint DEFAULT NULL,
  `TL` bigint DEFAULT NULL,
  `CSCS` bigint DEFAULT NULL,
  `CPC` bigint DEFAULT NULL,
  `TA` bigint DEFAULT NULL,
  `DTL` bigint DEFAULT NULL,
  `DTA` bigint DEFAULT NULL,
  `LTB` bigint DEFAULT NULL,
  `NCI` bigint DEFAULT NULL,
  `TNFL` bigint DEFAULT NULL,
  `TNFA` bigint DEFAULT NULL,
  PRIMARY KEY (`seasonsID`)
) ENGINE=InnoDB DEFAULT CHARSET=utf8mb4 COLLATE=utf8mb4_0900_ai_ci;
/*!40101 SET character_set_client = @saved_cs_client */;

--
-- Dumping data for table `bs`
--

LOCK TABLES `bs` WRITE;
/*!40000 ALTER TABLE `bs` DISABLE KEYS */;
INSERT INTO `bs` VALUES ('1','2024Q3',3657379241,419701871,0,74477,922408,512418300,63381815,98903424,65086650,292883930,0,909703588,69134197,1685850,249570573,403379,30967916,259327332,3346232342,77422729,4021922291,3990019153,0,311146899,1080399099,2773913863,22083031,0,1886780555,0,28208721,259327332,6165658176,0,0,2143735885,4113816,72390172,6165658176,61376,65944214,26459677,31903138,1063336786,3391744313),('10','2022Q2',2203125601,392182675,0,2518059,-35409864,214874682,38272644,209578546,7964822,217438091,0,753889823,58024952,1793114,220996537,1072699,23797518,259303805,1844911241,62063783,2510462125,2496353192,0,311146899,845240981,1905866396,27208993,47067461,1253189197,115584794,22510412,259303805,4345941335,0,0,1835479210,4249344,69333650,4345941335,940675,57848313,3318773,14108933,990238229,2440074939),('11','2022Q1',2038261537,335376250,0,58165,-47492685,202940211,26576811,192637023,7925800,200118682,-871566,629650221,48653183,1450896,212846891,581010,24119008,259317675,1664506123,87693132,2321468754,2314430096,1387000,311146899,822867707,1722237632,25620051,62608515,1151589646,144550897,21065933,259317675,3992676667,0,0,1671207913,129426,65215135,3992676667,1899315,53903541,3087714,7038658,848340206,2270439035),('12','2021Q4',1906829661,348686082,0,61531,-62608515,166834446,27152092,179249018,5217023,193102321,0,610070652,47285603,1437186,197586109,715324,21963418,259303805,1536378550,59647152,2170733205,2168286553,0,311146899,739503358,1607072907,26821697,59304212,1064990192,114921333,20764214,259303805,3725503455,0,0,1554770250,113952,64761602,3725503455,1873877,49153886,3309131,2446652,815266892,2118430548),('13','2021Q3',1811273605,318627009,0,73090,-59304212,139241643,25344534,111804594,4517197,182233752,0,459733448,41733233,2155628,186309080,859144,20455175,259303805,1441532663,33614402,2078320310,2076020062,0,311146899,655621450,1370639169,25643914,58594043,853811966,118844065,21052983,259303805,3332311884,0,0,1253991574,114865,64746864,3332311884,2306909,41925391,3472190,2300248,598370124,1961672715),('14','2021Q2',1726322203,312758503,0,1711652,-58594043,112518405,19858549,14286243,4633875,170438686,0,410464857,39725757,1504156,177475493,784397,19336878,259303805,1366782481,40022662,1993970573,1991785801,0,311146899,647748947,1241104023,26535043,48392823,747982082,139380910,21030441,259303805,3092815189,0,0,1098844616,121843,64753836,3092815189,2142797,36180371,3171331,2184772,451095669,1851711166),('15','2021Q1',1663271807,298535409,0,52591,-48392823,111414540,20965924,14053424,3113673,154567568,0,276838303,36653115,1944990,167143336,335572,20294816,259303805,1297445035,74018602,1940996962,1938936396,0,311146899,661648612,1139786823,25012688,54679873,664727857,137123748,21074764,259303805,2919131461,0,0,978134499,121843,64753607,2919131461,1895572,31254225,2623824,2060566,316485887,1779344638),('16','2020Q4',1588686081,343209150,0,50645,-54679873,90283260,17266302,14575073,5754024,137353407,0,254105084,38987284,2107718,145480272,558131,18841061,259303805,1235280036,53909313,1850621999,1849657256,0,311146899,617151048,1092185308,25768179,42259146,660170647,88559026,20560649,259303805,2760711405,0,0,910089406,121843,56347243,2760711405,1729941,25958184,1967611,964743,292938358,1668526097),('17','2020Q3',1513976388,274385362,0,40773,-42259146,82423363,15125054,10833161,5276155,109509486,0,227045434,38909171,1983175,161700332,877765,17701081,259303805,1166071694,33705272,1788266375,1787361029,0,311146899,588241723,1029673918,26339513,36757795,604195113,155377630,19180809,259303805,2635572214,0,0,847305839,121843,56339982,2635572214,1022263,22505789,982449,905346,259064116,1605898296),('18','2020Q2',1441491990,282167325,0,2581070,-36757795,82476030,17046965,10696552,3229300,85788094,0,82439681,38100739,1433005,148708055,891691,16975748,259303805,1105471753,33020177,1721213382,1720377981,0,311146899,614795728,860031580,27395600,24873338,467613443,169546950,19164873,259303805,2448664522,0,0,727451140,121843,56339981,2448664522,354306,20493373,0,835401,112655412,1588632942),('19','2020Q1',1385495748,276120545,0,60170,-24873338,82614310,16158252,10476684,3315315,78277834,0,46475148,38283035,1491179,145992744,427888,19381760,259303805,1046780670,47565681,1677028531,1676266000,0,311146899,589468059,802470040,27232071,27568179,430777229,139310384,19490665,259303805,2343295696,0,0,666267165,121843,56339785,2343295696,356609,19309120,0,762531,76799106,1540825656),('2','2024Q2',3438674715,439955866,0,2403027,25540368,434197987,57918443,110677342,17522804,272490587,-3089177,965313898,62763059,1184013,209120757,1089662,29600356,259336292,3127527816,110302021,3820148205,3791402874,3249000,311146899,1048915680,2591658093,22430599,0,1799127351,0,28221881,259336292,5982364014,0,0,2162215809,4190441,70940676,5982364014,57243,65160047,9029765,28745331,1113300129,3390705921),('20','2019Q4',1333334979,310383861,0,51653,-27568369,88173281,16361886,11487679,3827886,82981196,0,25100000,38771066,1434900,138908589,862070,18698788,259303805,1011512974,32466156,1622095426,1621410124,0,311146899,590735701,822613914,20653028,10675106,455399336,118522290,15041833,259303805,2264805032,0,0,642709606,121843,56339709,2264805032,344393,17928358,0,685302,51973905,1442191118),('21','2019Q3',1281906438,239973197,0,56581,-10675106,98548807,22340644,11708929,3937234,96685730,0,25100000,35320208,1638009,144240857,1180780,18193969,259303805,963373599,33205431,1587497001,1586856066,0,311146899,494781125,849427436,18093573,7385940,452430300,85573710,15031539,259303805,2134234450,0,0,546737449,121843,56320929,2134234450,115856,17179511,0,640935,51956324,1284807014),('22','2019Q2',1245575785,373177143,0,1541754,-7385940,116114176,19660171,11813101,4310703,108231879,0,35300000,31802685,767451,115725802,404906,17352733,259303805,923704756,22068494,1554421527,1553814579,0,311146899,622256378,1010179338,17500830,10724130,649697262,78261120,15405489,259303805,2239343671,0,0,684922144,121843,56320929,2239343671,147176,17123994,0,606948,62665766,1229164333),('23','2019Q1',1437946154,113956127,0,48674,-10725023,114074891,15604303,13239083,4444556,108682382,0,35300000,27100909,560941,106431149,309821,18336458,259303805,1135004816,45719763,1743517602,1742845624,0,276033811,378267634,991324815,17974017,26907527,645670527,76592550,16907533,259303805,2187436785,0,0,443919183,121843,56320688,2187436785,204933,16959414,0,671978,65651549,1196111970),('24','2018Q4',1376647841,81586185,0,65028,-15449913,96660619,24003871,14955772,3284718,103230976,0,56900000,32980933,1376499,128613391,584412,17865838,259303805,1073706503,38987053,1677496396,1676817665,0,276033811,340542586,951679721,17002137,26907527,577814601,88754640,0,259303805,2090128038,0,0,412631642,121473,56315932,2090128038,233284,16806387,0,678731,72089056,1138448317),('25','2018Q3',1277737659,88317408,0,64385,-18181209,89631050,20263252,15273698,3658973,105336576,0,56900000,28733773,1571303,127782905,1757073,16630670,259303805,974796321,39157673,1575830001,1575171914,0,276033811,321630202,859223705,13989184,26907527,488732121,73974625,0,259303805,1969888788,0,0,394058787,121163,56311659,1969888788,254887,14697325,0,658087,72428585,1110665083),('26','2018Q2',1189470511,291631390,0,3185522,-15080494,79989684,19707147,16138347,3842637,99032077,0,83400000,29711846,951332,87096847,1099472,15663648,259303805,886529173,28789175,1490635285,1490001542,0,276033811,462997164,959042679,13792211,26907527,632229880,30835300,0,259303805,2053412954,0,0,562777669,118792,56307720,2053412954,242158,13632059,0,633743,99780505,1094370275),('27','2018Q1',1324689900,87558623,0,130070,-34401067,124556637,51614585,16629891,3634940,85215899,0,83400000,27817670,1224307,106601372,1179312,18307517,259303805,1082967237,44096800,1606605029,1605898389,0,241722663,342235242,929116660,13674295,0,577782963,56731350,0,259303805,2049155806,0,0,442550777,118792,56305751,2049155806,285644,12987042,0,706640,100315535,1120039146),('28','2017Q4',1233362010,93397780,0,171058,-26917818,123989518,11475554,18293115,4266534,73880747,0,91800000,28412807,1656356,121133248,1184124,17861488,259303805,991639347,33479311,1522759643,1522057533,0,241722663,358706680,857203110,14175140,0,553391696,63766850,0,259303805,1991861643,13961787,0,469102000,118792,56309536,1991861643,302205,12105463,0,702110,110395320,1134658533),('29','2017Q3',1134320860,77346646,0,165929,-19189089,102712291,10299805,19554509,3823466,73893879,0,91800000,27545477,1442029,117649258,1076438,17018500,259303805,892598197,20663395,1431412689,1430716847,0,241722663,298522304,704861778,14841399,0,408077695,54430200,0,259303805,1841424382,14123509,0,410011693,110559,56281271,1841424382,120360,11237149,14520,695842,111489389,1136562604),('3','2024Q1',3294563704,398231918,0,79307,10891445,430164019,60929002,101924302,18702059,267123339,0,955540142,56424812,1185196,201500334,479363,31168264,259350310,2955395983,139222213,3665716254,3635731930,0,311146899,1026180079,2452767394,22238925,28020822,1698195704,0,28467310,259336292,5787891082,0,0,2122174828,4192894,70940489,5787891082,42863,63729274,10020132,29984324,1095994749,3335123688),('30','2017Q2',1044395423,275422669,0,1532321,-18296511,120363355,6227665,21083338,2809798,61010525,0,99300000,24509899,1101776,109893282,436001,18976025,259303805,802672760,33463459,1342365645,1341685497,0,241722663,523507145,838049552,14118892,0,570466958,54745200,0,259303805,1986433777,13818216,0,644068132,110559,56282780,1986433777,160709,10010278,16940,680148,120560987,1148384225),('31','2017Q1',1159637067,97233234,0,135051,-19709627,81126932,6786652,22464139,2196136,50389022,0,134198769,23081567,1171195,108532829,494839,19940062,259303805,951339122,52874433,1456310025,1455513363,0,208297945,321580524,825661833,14278436,0,564725266,54666000,0,259303805,1934663761,11298320,0,478353736,107798,56282118,1934663761,90944,10644401,19360,796662,156773212,1109001928),('32','2016Q4',1072008169,99730337,0,146788,1663983,74691233,7485897,24908383,1908306,48682233,0,153093557,26062351,1262174,128335271,969559,19743888,259303805,863710224,40306054,1390051126,1389248261,0,208297945,318239273,817729126,14614846,0,541253833,57958200,0,259303805,1886455302,18037789,0,496404176,107798,56272304,1886455302,141183,8271421,21780,802865,178164903,1068726176),('33','2016Q3',972758173,87225478,0,149684,-5218902,66995176,9315877,25038327,2119633,53882144,0,152138965,24936790,1039778,129118058,170704,18691554,259303805,764460228,27970532,1283892649,1283113034,0,208297945,257555112,709591485,14630613,0,463971657,37648800,0,259303805,1718686763,11512994,0,434794114,107798,56269958,1718686763,37510,7506051,24200,779615,177239002,1009095278),('34','2016Q2',875999117,244008018,0,1546979,4888074,51989582,10683321,27115386,1987995,60705814,0,181276211,22117148,1037116,111300187,424210,22064632,259303805,667701172,31168780,1197330978,1196454137,0,208297945,398739054,852525071,14066562,0,622359302,38739600,0,259303805,1804491560,9495889,0,607160582,100761,56263141,1804491560,3631,6643607,26300,876841,208421528,951966489),('35','2016Q1',959075079,67928434,0,141009,5276848,62080661,9753475,28491448,1843273,57242320,0,181151058,18513952,1115073,96273270,683818,24715683,259303805,781434518,41474426,1280946076,1279973107,0,177640561,235893223,812491107,13989513,0,617984318,34690040,0,259303805,1726525636,10090163,0,445579560,100761,56317375,1726525636,13831,7561741,30000,972969,209686337,914034529),('36','2015Q4',894293586,58673127,0,125018,11774113,51218941,7838727,30626372,1859478,67052270,0,191965082,18575286,1149988,85059675,505722,24091828,259303805,716653025,32901106,1222634479,1221671719,0,177640561,212228594,746743991,14065880,0,562688930,39474000,0,259303805,1657518298,10163536,0,434883819,100761,56300215,1657518298,31271,6384974,32500,962760,222655225,910774307),('37','2015Q3',822218442,60871628,0,128490,13138191,53525960,6458161,31374810,1777019,65066214,0,191970754,18057750,1128121,96611632,511008,26935985,259303805,644577881,24464158,1150994944,1150959166,0,177640561,201689370,693661496,13196292,0,515731398,33564120,0,259303805,1576218810,9898270,0,425223866,78482,56298728,1576218810,153932,5743803,35000,35778,223534496,882557314),('38','2015Q2',746889218,198246048,0,3565341,3854399,42105299,11436924,30719146,1726565,66278597,0,201856784,19773550,1327345,98992354,744707,25915208,259303805,569248657,30335340,1066627555,1066580381,0,177640561,309379741,731368790,12938507,0,528895107,5592600,0,259303805,1608853066,8593075,0,542225511,78464,56532959,1608853066,232340,5342444,37500,47174,232845770,877484276),('39','2015Q1',784155185,58841946,0,162908,24110858,31056696,7634815,32005848,1615664,64599666,0,213208771,18595310,1609613,98529745,592021,30363144,259303020,632904503,38954401,1123915753,1123843499,0,151250682,187565145,690493692,13138963,0,437412411,18683595,0,259303020,1556895055,8130817,0,432979302,103304,56274436,1556895055,159538,6246031,40000,72254,245414157,866401363),('4','2023Q4',3158030792,423960584,0,71871,-28314256,305961197,53381146,188506553,17053843,250997088,0,913899843,55726757,1566300,201313914,624451,29616638,259320710,2846883893,98912902,3483262847,3458913627,0,311146899,913583316,2194032910,22766744,0,1465427753,0,28681835,259320710,5532371215,0,0,2049108368,4199936,69876381,5532371215,53856,64175787,4382965,24349220,1135525052,3338338305),('40','2014Q4',704512664,55607150,0,178625,25749291,29746011,7132994,34529753,1558075,66337971,0,213673818,21878934,1491490,114734743,312955,28251002,259296624,553261982,28616574,1045675747,1045548501,0,151250682,201014777,626566787,13531510,0,358449029,36158520,0,259296624,0,10445452,0,449458098,104335,55989922,1495133845,199750,5227128,40000,127246,248443321,868567058),('41','2014Q3',624315567,51149350,0,161962,16865491,25954613,5854229,9345796,3633417,65336989,0,211796805,20418733,1290677,113999433,532767,26979558,259293750,473064885,19412953,956558251,956419607,0,151250682,172248167,476230199,11942249,0,225884318,35883358,0,259293750,0,7677524,0,393436589,73038,55944799,1349994840,0,5033530,40000,138644,221188422,873764641),('42','2014Q2',547980330,140351387,0,2875842,13485597,20284963,3888738,9263279,3861683,50954265,0,210869059,20015515,1681781,86424428,462732,26355811,259293750,396729648,17585111,876960294,876786514,0,151250682,246635077,459199555,11433307,0,255053573,34705206,0,259293750,0,7709195,0,468084473,0,56026837,1345044767,0,5009457,40000,173780,221449396,885845212),('43','2014Q1',566063897,75587230,0,162444,16583227,18668514,2965780,9226883,3983090,43481269,0,211798101,15380651,1330050,73774054,558970,29507728,259291239,430842153,28433542,897998101,897773643,0,132436003,174397164,355890417,12113629,2785741,231697295,24843645,0,259291239,0,9964997,0,400741180,0,55835280,1298739281,0,7893479,40000,224458,226344016,942848864),('5','2023Q3',3010532799,452806783,0,82363,8616930,333490018,46159300,174583111,17372309,262090072,0,932479423,52150883,1621423,222467653,356257,28921558,259320710,2682157537,102953391,3372818107,3348349657,0,311146899,970034816,2082477636,23410569,17228363,1311806535,0,29415325,259320710,5484556381,0,0,2111738274,4210955,69879218,5484556381,212549,71030144,5013050,24468450,1141703458,3402078745),('6','2023Q2',2877310603,399909598,0,2521323,-17776400,284453930,42126426,195738206,13832676,234332949,0,901710299,47794115,1178664,190164242,862572,26845396,259320710,2542569779,70060259,3205468199,3188750455,0,311146899,810829007,1959964207,23849933,23593925,1276723984,0,29734633,259320710,5149465045,0,0,1943996846,4225043,69895542,5149465045,373563,68379721,5611138,16717744,1133167839,3189500838),('7','2023Q1',2773288070,398669393,0,76608,-24269263,269163411,42350730,194360800,11715166,216067981,0,848637481,46302185,1079764,147715125,332554,28483064,259324905,2441820698,157215093,3092897598,3078233958,0,311146899,873089921,1995727521,24296839,20320473,1385232810,0,29984875,259320710,5045844348,0,0,1952946750,4224833,69894441,5045844348,726005,68775652,6147668,14663640,1079856829,3050116827),('8','2022Q4',2637524688,454300789,0,68975,-20505626,312484841,38853204,190171228,12018111,221149148,0,834336439,54879708,1642637,229755887,1583958,27641505,259303805,2323223479,120801814,2960488867,2945653195,0,311146899,944226817,2052896744,25999155,3154310,1342814083,0,29764097,259303805,4964778878,0,0,2004290011,4229892,69330328,4964778878,1031383,69185842,4760047,14835672,1060063194,2911882134),('9','2022Q3',2412773597,378819456,0,76143,-3419487,289977273,35408494,206463929,9668867,218335874,0,842386471,60147405,1870819,260447134,1091174,26663336,259303805,2066562035,76005324,2752316159,2737974306,0,311146899,807431287,2014232358,26706552,35064663,1296012784,0,30182353,259303805,4643301766,0,0,1890985607,4231119,69316391,4643301766,1466389,63058097,3055178,14341853,1083554320,2629069408);
/*!40000 ALTER TABLE `bs` ENABLE KEYS */;
UNLOCK TABLES;

--
-- Table structure for table `cfs`
--

DROP TABLE IF EXISTS `cfs`;
/*!40101 SET @saved_cs_client     = @@character_set_client */;
/*!50503 SET character_set_client = utf8mb4 */;
CREATE TABLE `cfs` (
  `seasonsID` char(10) NOT NULL,
  `seasons` varchar(65) DEFAULT NULL,
  `NCI` bigint DEFAULT NULL,
  `BDI_BRE` bigint DEFAULT NULL,
  `ORR` bigint DEFAULT NULL,
  `CLO` bigint DEFAULT NULL,
  `CLA` bigint DEFAULT NULL,
  `OBOL` bigint DEFAULT NULL,
  `OBOA` bigint DEFAULT NULL,
  `OFA` bigint DEFAULT NULL,
  `ONFA` bigint DEFAULT NULL,
  `IR` bigint DEFAULT NULL,
  `ICR` bigint DEFAULT NULL,
  `BDE` bigint DEFAULT NULL,
  `FA` bigint DEFAULT NULL,
  `SSE` bigint DEFAULT NULL,
  `SID` bigint DEFAULT NULL,
  `SOD` bigint DEFAULT NULL,
  `INV` bigint DEFAULT NULL,
  `RSS` bigint DEFAULT NULL,
  `TSR` bigint DEFAULT NULL,
  `APR` bigint DEFAULT NULL,
  `AP` bigint DEFAULT NULL,
  `ALP` bigint DEFAULT NULL,
  `AR` bigint DEFAULT NULL,
  `ARR` bigint DEFAULT NULL,
  `ARC` bigint DEFAULT NULL,
  `ARPL` bigint DEFAULT NULL,
  `TP_TR` bigint DEFAULT NULL,
  `NICFI` bigint DEFAULT NULL,
  `DE` bigint DEFAULT NULL,
  `AE` bigint DEFAULT NULL,
  `IP` bigint DEFAULT NULL,
  `IRR` bigint DEFAULT NULL,
  `DR` bigint DEFAULT NULL,
  `BOCE` bigint DEFAULT NULL,
  `EOCE` bigint DEFAULT NULL,
  `NP` bigint DEFAULT NULL,
  `CINC` bigint DEFAULT NULL,
  `IA` bigint DEFAULT NULL,
  `NICFO` bigint DEFAULT NULL,
  `TNCL` bigint DEFAULT NULL,
  `TNCA_L` bigint DEFAULT NULL,
  `TNCA` bigint DEFAULT NULL,
  `CFI_CO` bigint DEFAULT NULL,
  `CCD` bigint DEFAULT NULL,
  `STL` bigint DEFAULT NULL,
  `LP` bigint DEFAULT NULL,
  `CINP` bigint DEFAULT NULL,
  `DI` bigint DEFAULT NULL,
  `LDPFA` bigint DEFAULT NULL,
  `NICFF` bigint DEFAULT NULL,
  `AT` bigint DEFAULT NULL,
  `PL` bigint DEFAULT NULL,
  `HDFA` bigint DEFAULT NULL,
  `HDIA` bigint DEFAULT NULL,
  `FIAIL` bigint DEFAULT NULL,
  `LTL` bigint DEFAULT NULL,
  `NFAIL` bigint DEFAULT NULL,
  PRIMARY KEY (`seasonsID`)
) ENGINE=InnoDB DEFAULT CHARSET=utf8mb4 COLLATE=utf8mb4_0900_ai_ci;
/*!40101 SET character_set_client = @saved_cs_client */;

--
-- Dumping data for table `cfs`
--

LOCK TABLES `cfs` WRITE;
/*!40000 ALTER TABLE `cfs` DISABLE KEYS */;
INSERT INTO `cfs` VALUES ('1','2024Q3',145700000,-5250000,17000,42830000,-4701000,-30720000,11000,2679000,0,-22600000,2636000,17000,-206900000,0,-16000,5800,-20390000,0,0,502000,6371000,0,-40450000,686000,0,0,-93300000,-195500000,165900000,2313000,-4385000,21360000,2404000,1799100000,1886800000,384200000,87650000,-766000,392000000,18990000,-44600000,-63580000,485300000,-90760000,0,-740000,384200000,-41000,699000,-83640000,101100000,0,-24000,0,0,16460000,0),('10','2022Q2',110000000,108600000,-37000,545000,-2703000,45730000,0,-4024000,0,-3546000,2904000,11000,-217700000,0,111000,-34000,-17320000,0,-872000,342000,9372000,0,-8150000,-492000,0,0,-59460000,-275900000,111000000,2184000,-3554000,2796000,531000,1151600000,1253200000,266000000,101600000,-3222000,338800000,55970000,22300000,-33670000,398300000,-71310000,0,-599000,266000000,-241000,11000,19080000,132300000,0,983000,0,0,500000,791000),('11','2022Q1',112700000,19580000,3400,2882000,-1132000,52660000,0,1229000,0,-1674000,2141000,12000,-261500000,0,6900,-1361000,-7016000,0,0,14000,1368000,0,-15260000,134000,0,0,-642000,-288100000,108900000,2168000,-1104000,1527000,100,1065000000,1151600000,226800000,86600000,-583000,372200000,54420000,33300000,-21120000,372800000,-71310000,0,-523000,226800000,-100,48000,-19090000,146000000,0,537000,0,0,0,0),('12','2021Q4',104900000,157100000,12000,36010000,861000,73530000,0,-3733000,0,-1463000,2174000,2500,-235400000,0,58000,-219000,-10870000,0,0,-718000,5552000,0,-11280000,144000,0,0,-157000,-245300000,108600000,2074000,-1139000,1521000,5100,853800000,1065000000,184800000,211200000,-3363000,378200000,114400000,88660000,-25710000,378400000,-71310000,-1862000,-535000,184800000,-5100,150000,82280000,193500000,0,175000,0,0,0,0),('13','2021Q3',102100000,49270000,14000,29900000,-3925000,64750000,0,-201000,0,-1357000,1334000,-2000,-188500000,-9452000,258000,89000,-11800000,0,0,651000,2007000,0,-8834000,-75000,0,0,-29370000,-177000000,104900000,2125000,-1649000,1430000,1941000,748000000,853800000,173900000,105800000,-1554000,318700000,97300000,72090000,-25210000,348100000,-64830000,-18090000,-465000,173900000,-9100,113000,-35320000,174200000,0,-42000,0,0,300000,0),('14','2021Q2',98990000,136500000,-34000,11550000,-1607000,8179000,0,-1385000,0,-1429000,1134000,-2800,-166900000,9452000,29000,-1340000,-15870000,0,0,-441000,3073000,0,-10330000,-449000,0,0,-53570000,-169800000,101700000,2081000,-274000,1546000,383000,664700000,748000000,149400000,83250000,-3543000,187400000,22350000,-7364000,-29710000,241000000,-64830000,3552000,-453000,149400000,-179000,21000,75030000,91620000,0,32000,0,0,550000,0),('15','2021Q1',94070000,18480000,-1900,10600000,772000,8469000,0,-2917000,0,-1461000,772000,-500,-248000000,0,87000,157000,-17210000,0,0,-163000,-2334000,0,-21660000,223000,0,0,-402000,-244300000,98970000,1927000,-773000,1494000,169000,660200000,664700000,155100000,4557000,-581000,227800000,15950000,-20920000,-36870000,228200000,-64830000,52070000,-533000,155100000,-169000,-10000,14620000,73150000,0,112000,0,0,660000,274000),('16','2020Q4',94310000,30470000,-9200,9412000,-1071000,9096000,0,-1043000,0,-1653000,769000,-500,-88470000,0,110000,-82000,-27840000,0,0,125000,75000,0,16220000,320000,0,0,-465000,-90960000,95650000,1914000,-156000,1809000,191000,604200000,660200000,161100000,55980000,-838000,259100000,18720000,4180000,-14540000,259600000,-64830000,-67350000,-460000,161100000,-185000,-37000,-101200000,98490000,0,13000,0,0,1000000,0),('17','2020Q3',93890000,135700000,28000,8172000,1076000,-13440000,0,815000,0,-1898000,373000,4000,-99080000,0,6000,221000,-23720000,0,0,550000,808000,0,-12990000,14000,0,0,-18350000,-96080000,92820000,1908000,-429000,2007000,2657000,467600000,604200000,155100000,136600000,-217000,190200000,-3909000,-40490000,-36580000,208500000,-64830000,-16800000,-743000,155100000,-111000,-146000,47430000,53400000,0,17000,0,0,1000000,10000),('18','2020Q2',63530000,35960000,-2300,4911000,-1252000,8308000,0,-491000,0,-2478000,409000,-1400,-126600000,0,-100,296000,-7510000,0,0,-58000,-182000,0,-2715000,-464000,0,0,-31160000,-129800000,68980000,1894000,-219000,2921000,529000,430800000,467600000,136400000,36840000,-7641000,170300000,12980000,1575000,-11410000,201500000,-64830000,32230000,-730000,136400000,-231000,29000,5912000,65100000,0,-113000,0,0,0,0),('19','2020Q1',65860000,2375000,-8500,1921000,-111000,8071000,0,2110000,0,-2989000,531000,1600,-192500000,0,14000,270000,4703000,0,0,56000,-297000,0,-8595000,434000,0,0,-1379000,-189000000,67080000,1471000,-977000,3038000,111000,455400000,430800000,132100000,-24620000,-846000,203000000,8947000,6398000,-2549000,204400000,-64830000,20350000,-683000,132100000,-111000,-35000,-40760000,72260000,0,-226000,0,0,0,0),('2','2024Q2',148900000,11490000,-12000,-2244000,4994000,20450000,-137000,-4810000,0,-20980000,2638000,12000,-205500000,0,-900,1726000,-5367000,0,-3089000,-1200,6338000,0,-7620000,-610000,0,0,-88100000,-197600000,162900000,2237000,-6641000,19200000,805000,1698200000,1799100000,306300000,100900000,-2970000,377700000,24550000,10560000,-13990000,465800000,-90760000,0,-698000,306300000,-203000,973000,-90240000,159500000,0,44000,0,0,-543000,1150000),('20','2019Q4',57940000,0,4900,-1149000,-647000,7378000,0,2756000,0,-3318000,644000,-900,-169900000,0,9100,109000,13700000,43000,0,-203000,4256000,0,3412000,319000,0,0,-14070000,-171600000,66140000,1394000,-539000,3620000,74000,452400000,455400000,128800000,2969000,-4905000,203000000,10300000,30310000,20010000,217000000,-51860000,35680000,-473000,128800000,-171000,84000,-17180000,88250000,0,16000,0,0,0,0),('21','2019Q3',61720000,-26500000,-300,3198000,59000,-16370000,0,-3736000,0,-3916000,843000,3600,-98050000,0,-343000,306000,11550000,20000,0,871000,3273000,0,-30710000,-776000,0,0,-142000,-108300000,65380000,1379000,-1433000,3858000,1513000,649700000,452400000,112300000,-197300000,-1742000,141800000,-9008000,-32160000,-23150000,141900000,-207400000,7326000,-643000,112300000,-2000,166000,-229100000,29560000,0,-158000,0,0,0,0),('22','2019Q2',72740000,0,-7600,1990000,319000,4550000,0,1818000,0,-4547000,865000,3900,-116300000,0,-331000,279000,451000,-57000,0,207000,4435000,0,-11460000,-95000,0,0,-37590000,-114700000,73700000,1344000,-437000,4821000,452000,645700000,649700000,80550000,4027000,-581000,117800000,11190000,2064000,-9129000,155400000,0,1064000,-1226000,80550000,-244000,279000,-931000,74810000,0,-67000,0,0,0,0),('23','2019Q1',74120000,-8400000,16000,-4609000,193000,4107000,0,2545000,0,-4409000,899000,-4900,-75870000,0,26000,-1141000,-5451000,-5400,0,-816000,-6105000,0,20640000,275000,0,0,-238000,-64190000,76190000,1355000,-1189000,4575000,0,577800000,645700000,68180000,67860000,-2101000,152700000,-7685000,10610000,18290000,152900000,0,-12260000,-588000,68180000,0,421000,-22410000,84730000,0,-227000,0,0,0,-301000),('24','2018Q4',73100000,0,-600,6751000,-266000,6191000,0,1040000,0,-4151000,876000,-100,-114100000,0,415000,276000,2106000,0,0,-195000,4199000,0,-2368000,1173000,0,0,-13290000,-117300000,74810000,1224000,-437000,4048000,0,488700000,577800000,111100000,89080000,-4160000,189400000,16950000,18490000,1538000,202700000,0,14300000,0,111100000,0,217000,14280000,91580000,0,51000,0,0,0,-65000),('25','2018Q3',69770000,-7500000,92000,-8238000,1141000,-16670000,0,-711000,0,-3817000,739000,-800,-69930000,0,467000,133000,-6304000,0,0,620000,-752000,0,-42220000,-658000,0,0,-379000,-63470000,72510000,1105000,-1253000,3976000,3048000,632200000,488700000,98900000,-143500000,-1549000,94080000,-25020000,-74200000,-49180000,94460000,-207400000,43370000,0,98900000,0,-4100,-172400000,-4436000,0,37000,0,0,0,0),('26','2018Q2',72390000,274000,-27000,-8693000,14000,4934000,0,-1788000,0,-3572000,628000,300,-59610000,0,-1107000,82000,-13840000,0,0,-273000,2078000,0,18020000,80000,0,0,-31330000,-60080000,70350000,1057000,-545000,3496000,372000,577800000,632200000,87590000,54450000,-1169000,129800000,-2007000,1128000,3136000,161100000,0,-27970000,0,87590000,-158000,211000,-29350000,73510000,0,-15000,0,0,0,488000),('27','2018Q1',68240000,-50800000,41000,-9830000,-1403000,6110000,0,-3143000,0,-3154000,808000,-1800,-71800000,0,-54000,-861000,-11340000,0,0,-432000,-985000,0,13300000,4800,0,0,-380000,-73460000,70460000,1036000,-998000,3140000,500,553400000,577800000,99940000,24390000,-222000,160700000,-5169000,-7079000,-1910000,161100000,0,-5775000,0,99940000,-500,582000,-57630000,61160000,0,177000,0,0,0,0),('28','2017Q4',66450000,0,5300,23230000,1652000,6352000,-385000,-1107000,0,-2751000,831000,0,-61110000,0,-462000,-57000,-17000,0,0,214000,1119000,0,-4928000,-108000,0,0,-269000,-63050000,69660000,1149000,-576000,2749000,0,408100000,553400000,111700000,145300000,-803000,204100000,30780000,26270000,-4504000,204400000,0,10680000,0,111700000,0,847000,9644000,92720000,0,69000,0,0,0,0),('29','2017Q3',68840000,-28100000,-28000,6605000,-1497000,-16310000,-458000,-1239000,0,-2125000,843000,0,-61630000,0,-1540000,-501000,-12880000,0,0,340000,2851000,0,-9273000,-640000,0,0,-24450000,-65660000,70030000,1132000,-1524000,2344000,4103000,570500000,408100000,100500000,-162400000,-1707000,116800000,-6202000,-28120000,-21920000,141200000,-181500000,0,0,100500000,-3100,267000,-212800000,40720000,0,-36000,0,0,0,14000),('3','2024Q1',145200000,22780000,-7400,25260000,-1432000,20880000,-2388000,-797000,0,-19360000,2698000,6600,-181000000,1000,-17000,1098000,-16130000,0,0,-381000,698000,0,-186000,145000,0,0,-1051000,-159800000,156700000,2326000,-1779000,17410000,90000,1465400000,1698200000,266500000,232800000,-2042000,436300000,44900000,25620000,-19290000,437400000,-77800000,0,-775000,266500000,-72000,294000,-71690000,170800000,0,8600,0,0,5866000,0),('30','2017Q2',56420000,0,-3200,4987000,-513000,4519000,-281000,244000,0,-2484000,840000,0,-105200000,0,-470000,-170000,-10620000,0,0,-69000,1622000,0,-2964000,59000,0,0,-38790000,-98220000,56970000,1027000,-126000,2482000,288000,564700000,570500000,86120000,5742000,-1053000,103400000,13580000,-348000,-13930000,142200000,0,-40000,0,86120000,-143000,6900,-639000,56070000,0,6400,0,0,0,0),('31','2017Q1',51120000,-10000000,12000,-3803000,369000,5964000,-152000,1600000,0,-2105000,817000,0,-102400000,0,-400000,-166000,-1707000,0,0,-91000,-3021000,0,18230000,475000,0,0,-112000,-109200000,59130000,1039000,-1257000,1950000,0,541300000,564700000,97820000,23470000,-918000,161000000,-7662000,12170000,19830000,161100000,0,-250000,0,97820000,0,-22000,-11910000,63300000,0,-6400,0,0,0,0),('32','2016Q4',54600000,0,2900,3855000,10000,6641000,-350000,1244000,-805000,-1808000,811000,0,-112500000,0,5335000,91000,5200000,0,0,222000,1488000,0,-803000,-799000,0,0,-56000,-138500000,55420000,1018000,-154000,1673000,0,464000000,541300000,112000000,77280000,-1254000,185200000,18760000,18630000,-131000,185300000,0,19130000,0,112000000,0,15000,24300000,73230000,6534000,0,0,67000,-2400,0),('33','2016Q3',51780000,-12000000,-5500,2257000,-185000,-14110000,1603000,1768000,0,-1521000,823000,0,-103700000,0,484000,-69000,6824000,0,0,2700,2361000,0,-19420000,254000,0,0,-15440000,-106900000,55310000,956000,-1860000,1369000,5497000,622400000,464000000,108200000,-158400000,-1206000,126400000,-7433000,-18180000,-10750000,141900000,-155600000,0,0,108200000,0,-55000,-169200000,33600000,2041000,0,9500,24000,-2400,0),('34','2016Q2',55240000,-11470000,-3200,1923000,-568000,4971000,-1603000,76000,0,-1655000,821000,0,-73570000,0,14000,12000,-3463000,0,0,-78000,3443000,0,-16650000,260000,0,0,-30300000,-94710000,54400000,873000,-600000,1770000,119000,618000000,622400000,93410000,4375000,-780000,106700000,9699000,-11670000,-21370000,137000000,0,3958000,0,93410000,-137000,1400,-8103000,43570000,-579000,0,-9500,31000,-3700,0),('35','2016Q1',53250000,0,-16000,-2361000,838000,4436000,0,-3129000,0,-1333000,851000,0,-38130000,0,-2200,-8000,9810000,0,0,-7300,3700,0,-12470000,-178000,0,0,-142000,-55350000,54950000,896000,-690000,1541000,0,562700000,618000000,72260000,55300000,-1004000,121500000,1997000,-3837000,-5834000,121700000,0,-4115000,0,72260000,0,-8200,-4807000,49420000,-64000,0,0,0,0,0),('36','2015Q4',53730000,0,2500,-2886000,-662000,4808000,0,-329000,0,-1253000,820000,0,-83780000,0,7800,-15000,-1927000,0,0,-5800,414000,0,10850000,5300,398000,0,-122000,-101200000,55420000,837000,-451000,1035000,0,515600000,562600000,80640000,46960000,-1626000,144700000,2496000,10420000,7924000,144800000,0,5767000,0,80640000,-4800,-483000,5316000,64150000,158000,0,2700,23000,0,228000),('37','2015Q3',57630000,0,33000,1742000,194000,-12730000,0,550000,0,-1058000,793000,0,-70260000,0,-5800,16000,1212000,0,0,-199000,-1519000,0,1211000,234000,0,0,-14300000,-54790000,55340000,809000,-1492000,843000,3428000,528800000,515600000,83390000,-13160000,-1068000,118100000,-11380000,-8584000,2793000,132400000,-116700000,27710000,0,83390000,-8000,-900,-90480000,49050000,1304000,0,0,132000,0,2376000),('38','2015Q2',32620000,0,2300,935000,764000,5398000,0,925000,0,-936000,783000,0,-53810000,0,9300,31000,-1679000,0,0,-282000,986000,0,-1636000,-153000,0,0,-26400000,-4110000,53840000,785000,-351000,890000,596000,437300000,528800000,98130000,91480000,-438000,111100000,7539000,6718000,-821000,137500000,0,-12990000,0,98130000,-609000,46000,-13400000,39340000,470000,0,0,0,0,0),('39','2015Q1',53190000,0,16000,-2624000,-32000,5384000,0,-426000,0,-882000,794000,0,-48850000,0,1200,-88000,1738000,0,0,118000,-2574000,0,16210000,-279000,0,0,-118000,-57170000,54710000,772000,-862000,875000,0,358400000,437300000,88260000,78880000,-1151000,156000000,-2025000,14670000,16700000,156100000,0,-17340000,0,88260000,0,4100,-18170000,67860000,-2315000,0,0,0,0,0),('4','2023Q4',130500000,9790000,10000,-5541000,-6679000,-438000,-342000,1616000,0,-17410000,2919000,-5400,-169800000,0,-150000,1094000,11090000,0,0,-55000,3576000,0,21150000,-268000,0,0,-37570000,-132300000,148300000,2370000,-5995000,14870000,57000,1311800000,1465400000,278300000,153600000,-2130000,394800000,-2440000,23580000,26020000,432400000,-77800000,0,-722000,278300000,-76000,34000,-75370000,154100000,0,1500,0,0,-512000,0),('40','2014Q4',58710000,0,-17000,-116000,-883000,5093000,0,-367000,0,-756000,822000,0,-52390000,0,30130000,2215000,-1030000,-15000,0,203000,908000,0,-741000,215000,-84000,0,-69000,-55440000,55730000,692000,-449000,704000,1300,225900000,358500000,89310000,132600000,-1591000,153700000,8875000,5717000,-3158000,153700000,0,-2047000,0,89310000,-5500,-1000,27640000,64430000,2764000,0,0,35000,0,735000),('41','2014Q3',54890000,0,-8400,8438000,68000,-7141000,0,-1855000,0,-682000,816000,0,-47830000,0,1600,-9600,-14380000,-13000,0,-391000,395000,0,-27580000,-70000,-78000,0,-7246000,-44630000,55580000,651000,-1854000,627000,3237000,255100000,225900000,85380000,-29170000,-1065000,91250000,1289000,-41770000,-43060000,98490000,-77790000,1390000,0,85380000,-6300,1800,-78260000,13110000,-40000,0,0,177000,0,0),('42','2014Q2',41960000,0,8800,2542000,-545000,4082000,0,-361000,0,-679000,801000,0,-73270000,0,4300,25000,-7473000,0,0,352000,4609000,-28000,-12650000,96000,84000,0,-22420000,-66490000,45350000,627000,-26000,652000,630000,231700000,255100000,74090000,23360000,-26000,81750000,9356000,-11880000,-21240000,104200000,0,10400000,0,74090000,-638000,-15000,10350000,30080000,-2246000,0,0,0,0,240000),('43','2014Q1',43450000,0,4400,-151000,616000,3280000,0,-29000,0,-614000,797000,0,-114900000,0,2300,8600,-5986000,0,0,-358000,722000,0,-2124000,-267000,78000,0,-179000,-115900000,40990000,636000,-864000,596000,0,242700000,231700000,53300000,-11000000,-1178000,94860000,5844000,-1709000,-7553000,95040000,0,8819000,0,53300000,0,-500,7950000,41740000,2359000,0,0,0,0,0),('5','2023Q3',137200000,9784000,16000,12280000,-2306000,-37400000,-379000,-1026000,0,-15600000,3112000,21000,-226500000,0,-2300,-2411000,-27760000,0,0,443000,4357000,0,-32300000,506000,0,0,-1474000,-242200000,144900000,2353000,-3943000,14390000,2569000,1276700000,1311800000,241900000,35080000,-1166000,294600000,-20320000,-83020000,-62710000,296100000,-71310000,0,-732000,241900000,-78000,1700,-38450000,54180000,0,68000,0,0,-458000,0),('6','2023Q2',114100000,40660000,-22000,-463000,14000,18560000,0,475000,0,-13670000,3005000,14000,-250400000,0,17000,-1493000,-18260000,0,0,99000,1492000,0,-42450000,-530000,0,0,-120100000,-259300000,121600000,2296000,-5550000,14340000,833000,1385200000,1276700000,214700000,-108500000,-1934000,167200000,19690000,-41400000,-61090000,287400000,-71310000,0,-692000,214700000,-238000,219000,-26590000,72720000,0,-22000,0,0,-458000,0),('7','2023Q1',97660000,7280000,-7600,-53970000,-3560000,21580000,0,813000,0,-13620000,2964000,6200,-302400000,0,-2400,209000,5081000,0,0,-563000,-8578000,0,82040000,1251000,0,0,-686000,-272200000,108100000,2239000,-1871000,12280000,63000,1342800000,1385200000,244300000,42420000,-285000,385200000,-42250000,44000000,86250000,385900000,-71310000,0,-709000,244300000,-72000,114000,-64490000,141700000,0,21000,0,0,2121000,0),('8','2022Q4',96810000,5789000,7200,13050000,-3379000,17970000,0,2691000,0,-10590000,3335000,19000,-336700000,0,53000,-145000,-2813000,0,0,-228000,-5268000,0,30690000,-493000,0,0,-88000,-342500000,105400000,2206000,-5720000,8643000,6200,1296000000,1342800000,334700000,46800000,-1471000,486900000,25520000,55490000,29970000,487000000,-71310000,-112000000,-661000,334700000,-6200,-190000,-69830000,152300000,0,93000,0,0,2003000,0),('9','2022Q3',111000000,59530000,19000,42730000,2762000,10250000,0,-1576000,0,-6615000,3370000,10000,-265800000,0,38000,-72000,-898000,0,0,78000,2122000,0,-39450000,-18000,0,0,-26370000,-284400000,103100000,2198000,-1841000,5117000,2479000,1253200000,1296000000,316700000,42820000,-1666000,412700000,55170000,11410000,-43760000,439100000,-71310000,-116000000,-645000,316700000,-20000,32000,-130400000,122400000,0,72000,0,0,0,0);
/*!40000 ALTER TABLE `cfs` ENABLE KEYS */;
UNLOCK TABLES;

--
-- Table structure for table `indicators`
--

DROP TABLE IF EXISTS `indicators`;
/*!40101 SET @saved_cs_client     = @@character_set_client */;
/*!50503 SET character_set_client = utf8mb4 */;
CREATE TABLE `indicators` (
  `seasonsID` char(10) NOT NULL,
  `seasons` varchar(65) DEFAULT NULL,
  `GPM` float DEFAULT NULL,
  `OPM` float DEFAULT NULL,
  `NPM` float DEFAULT NULL,
  `ROE_Q` float DEFAULT NULL,
  `ROA_Q` float DEFAULT NULL,
  `RGR_Q` float DEFAULT NULL,
  `RGR_Y` float DEFAULT NULL,
  `TAGR_Q` float DEFAULT NULL,
  `TAGR_Y` float DEFAULT NULL,
  `LTDR` float DEFAULT NULL,
  `DR` float DEFAULT NULL,
  `SEQ` float DEFAULT NULL,
  `CR` float DEFAULT NULL,
  `QR` float DEFAULT NULL,
  `CURR` float DEFAULT NULL,
  `ICR` float DEFAULT NULL,
  `ART` float DEFAULT NULL,
  `IT` float DEFAULT NULL,
  `TAT` float DEFAULT NULL,
  `DER` float DEFAULT NULL,
  `ARD` float DEFAULT NULL,
  `ITD` float DEFAULT NULL,
  `OCD` float DEFAULT NULL,
  `OCF` bigint DEFAULT NULL,
  `ICF` bigint DEFAULT NULL,
  `FCF` bigint DEFAULT NULL,
  `CAPEX` bigint DEFAULT NULL,
  `FCFREE` bigint DEFAULT NULL,
  `NCF` bigint DEFAULT NULL,
  PRIMARY KEY (`seasonsID`)
) ENGINE=InnoDB DEFAULT CHARSET=utf8mb4 COLLATE=utf8mb4_0900_ai_ci;
/*!40101 SET character_set_client = @saved_cs_client */;

--
-- Dumping data for table `indicators`
--

LOCK TABLES `indicators` WRITE;
/*!40000 ALTER TABLE `indicators` DISABLE KEYS */;
INSERT INTO `indicators` VALUES ('1','2024Q3',57.83,47.49,42.79,8.29,5.35,12.8,38.95,3.06,12.42,15.18,34.77,65.23,174.6,223.8,256.7,146.8,13.14,4.53,0.5,53.3,27.27,79.65,106.92,391992467,-195509921,-83638287,-198992229,193000238,112844259),('10','2022Q2',59.06,49.07,44.4,9.82,5.69,8.77,43.53,8.85,40.52,17.42,42.23,57.77,148.3,195.2,225.5,92.59,9.75,4.19,0.51,73.11,36.73,85.71,122.44,338849429,-275932106,19080454,-217453105,121396324,81997777),('11','2022Q1',55.63,45.57,41.31,9.03,5.26,12.07,35.5,7.17,36.78,15.85,41.86,58.14,139.9,181.7,209.3,107,9.54,4.43,0.51,71.99,37.66,81.08,118.74,372169688,-288073791,-19086188,-262067090,110102598,65009709),('12','2021Q4',52.66,41.71,37.97,7.83,4.71,5.67,21.2,11.8,34.95,16.46,41.73,58.27,144,187.5,217.3,86.03,9.09,4.42,0.5,71.62,39.65,81.08,120.73,378199317,-245343292,82284018,-235257476,142941841,215140043),('13','2021Q3',51.3,41.24,37.74,7.69,4.87,11.43,16.34,7.74,26.44,13.9,37.63,62.37,130.2,177.4,209.1,131.3,9.03,4.58,0.52,60.34,39.65,78.95,118.6,318706207,-177020159,-35324719,-188110486,130595721,106361329),('14','2021Q2',50.03,39.14,36.14,6.84,4.47,2.69,19.78,5.95,26.31,13.37,35.53,64.47,115.5,162.2,191.6,132.7,8.57,4.58,0.5,55.11,41.86,78.95,120.81,187439492,-169750998,75030682,-166971104,20468388,92719176),('15','2021Q1',52.38,41.54,38.56,7.37,4.92,0.24,16.68,5.74,24.57,9.57,33.51,66.49,100.5,145.7,172.3,201.8,9.24,4.73,0.51,50.39,38.96,76.27,115.23,227815706,-244251414,14618457,-248028725,-20213019,-1817251),('16','2020Q4',54,43.46,39.51,7.85,5.29,1.43,13.96,4.75,21.9,9.28,32.97,67.03,107,151.9,177,210.6,9.37,5.39,0.54,49.18,38.46,66.67,105.13,259130584,-90958613,-101203795,-88203309,170927275,66968176),('17','2020Q3',53.45,42.1,38.54,7.83,5.4,14.72,21.63,7.63,23.49,8.65,32.15,67.85,102.7,153.9,175,416.7,9.06,6.8,0.56,47.38,39.47,52.94,92.41,190171227,-96079669,47434066,-99173345,90997882,141525624),('18','2020Q2',52.99,42.19,38.91,7.12,5.05,0.03,28.92,4.5,9.35,3.37,29.71,70.29,76.06,123.2,139.9,334.4,8.32,7.12,0.52,42.26,42.86,50.56,93.42,170334959,-129750164,5912053,-126698477,43636482,46496848),('19','2020Q1',51.76,41.38,37.69,7.1,5.08,-2.09,42.02,3.47,7.13,1.98,28.43,71.57,73.08,120.1,136.1,250.1,8.68,7.43,0.54,39.73,41.47,48.39,89.86,203029442,-188993268,-40757411,-192063846,10965596,-26721237),('2','2024Q2',53.17,42.55,36.77,6.62,4.21,13.64,40.07,3.36,16.17,16.29,36.14,63.86,171.5,215.6,247.1,117.1,12.99,4.68,0.46,56.6,27.52,76.92,104.44,377668210,-197607330,-90244583,-197901488,179766722,89816297),('20','2019Q4',50.18,39.16,36.59,7.23,5.28,8.26,9.48,6.12,8.36,1.11,28.38,71.62,77.09,122.4,139.3,201.1,8.9,7.04,0.58,39.62,40.54,51.14,91.68,202954417,-171605106,-17182776,-170009539,32944878,14166535),('21','2019Q3',47.57,36.82,34.5,6.44,4.62,21.6,12.56,-4.69,8.34,1.18,25.62,74.38,91.44,147.6,171.7,134.2,8.91,6,0.54,34.44,40.18,60,100.18,141753021,-108290117,-229112243,-97212237,44540784,-195649339),('22','2019Q2',43.04,31.66,27.71,4.05,3.02,10.19,3.31,2.37,9.05,1.58,30.59,69.41,104.4,141.8,162.3,94.14,8.59,5.06,0.44,44.06,41.67,70.87,112.54,117761028,-114717951,-930502,-115058179,2702849,2112575),('23','2019Q1',41.31,29.38,28.07,3.59,2.87,-24.52,-11.84,4.66,6.75,1.61,20.29,79.71,170.7,229.2,262.1,76.84,7.41,4.85,0.41,25.46,48.65,74.38,123.03,152670278,-64188473,-22412645,-72432829,80237449,66069160),('24','2018Q4',47.67,36.97,34.51,6.15,4.93,11.3,4.4,6.1,4.93,2.72,19.74,80.26,169.7,242.1,279.5,127.8,8.96,5.82,0.57,24.6,40.18,62.07,102.25,189372548,-117260956,14283421,-113908111,75464437,86395013),('25','2018Q3',47.39,36.58,34.22,5.81,4.43,11.6,3.27,-4.07,6.98,2.89,20,80,152,228.1,267.1,134.8,9.42,5.36,0.52,25.01,37.66,67.16,104.82,94082482,-63473163,-172434686,-69819583,24262899,-141825367),('26','2018Q2',47.81,36.19,30.99,4.67,3.52,-5.97,9.08,0.21,3.37,4.06,27.41,72.59,136.6,181.5,207.1,140.4,9.36,5.29,0.45,37.75,37.82,68.18,106,129773360,-60075599,-29346300,-59696676,70076684,40351461),('27','2018Q1',50.33,39.03,36.19,5.74,4.44,-10.62,6.06,2.88,5.92,4.07,21.6,78.4,168.8,231.5,271.5,124.7,8.61,6.2,0.49,27.55,41.67,58.06,99.73,160725918,-73459190,-57627226,-71980773,88745145,29639502),('28','2017Q4',49.99,39.23,35.78,6.72,5.18,10.1,5.85,8.17,5.59,4.61,23.55,76.45,154.3,215.2,239,135.5,9.2,7.52,0.58,30.81,39.13,47.87,87,204126309,-63052206,9644134,-58985109,145141200,150718237),('29','2017Q3',49.93,38.89,35.68,6.49,4.7,17.89,-3.19,-7.3,7.14,4.99,22.27,77.73,136.7,207.9,236.1,120.2,8.74,7.49,0.53,28.64,40.91,48.13,89.04,116783434,-65662683,-212792956,-61714051,55069383,-161672205),('3','2024Q1',53.07,42.02,38,6.3,3.98,-5.26,16.52,4.62,14.71,16.68,36.67,63.33,165.5,207.1,239,99.78,11.73,4.29,0.42,57.89,30.72,84.11,114.83,436311108,-159806991,-71685617,-181121318,255189790,204818500),('30','2017Q2',50.83,38.93,30.99,4.74,3.38,-8.58,-3.59,2.68,10.08,5,32.42,67.58,109,147.2,160.1,103.5,7.74,7.55,0.44,47.98,46.15,47.62,93.77,103400380,-98219755,-638888,-105188462,-1788082,4541737),('31','2017Q1',51.94,40.76,37.46,6.16,4.59,-10.8,14.95,2.56,12.06,6.94,24.73,75.27,175.6,239,256.8,120.8,7.84,9.08,0.49,32.85,45.92,39.65,85.57,161008044,-109230259,-11909919,-102505595,58502449,39867866),('32','2016Q4',52.29,41.91,38.22,7.5,5.56,0.7,28.85,9.76,13.81,8.12,26.31,73.69,170.1,239.3,257,139.1,8.1,9.76,0.58,35.71,44.33,36.89,81.22,185219789,-138501317,24301389,-112542767,72677022,71019861),('33','2016Q3',50.71,40.81,37.17,7.8,5.49,17.4,22.54,-4.76,9.04,8.85,25.3,74.7,180.1,251,275.5,132.6,8.58,8.96,0.59,33.87,41.67,40.18,81.85,126409559,-106884722,-169191709,-103775451,22634108,-149666872),('34','2016Q2',51.55,41.17,32.7,5.85,4.11,9,7.97,4.52,12.16,10.05,33.65,66.35,156.1,195.9,213.8,114.7,8.44,7.29,0.5,50.71,42.25,49.45,91.7,106676391,-94706274,-8103045,-73585679,33090712,3867072),('35','2016Q1',44.88,34.63,31.84,5.18,3.83,-0.01,-8.35,4.16,10.9,10.49,25.81,74.19,262,316,344.4,85.95,8.91,7.22,0.48,34.79,40.36,50,90.36,121528853,-55347367,-4806832,-38141373,83387480,61374654),('36','2015Q4',48.61,38.31,35.79,6.14,4.51,-4.23,-8.54,5.16,10.87,11.58,26.24,73.76,265.1,316.6,351.9,99.34,8.9,6.33,0.5,35.57,40.36,56.96,97.32,144672186,-101180185,5315915,-84523491,60148695,48807916),('37','2015Q3',48.16,36.89,35.44,6.79,4.73,3.44,1.65,-2.03,16.76,12.18,26.98,73.02,255.7,308.5,343.9,106.2,8.48,6.71,0.53,36.94,41.67,53.57,95.24,118139439,-54787521,-90475814,-70303688,47835751,-27123896),('38','2015Q2',48.53,37.51,38.66,7.25,5.02,-7.47,12.25,3.34,19.62,12.55,33.7,66.3,171,211.3,236.4,126.3,8.11,6.46,0.52,50.84,43.48,55.56,99.04,111067152,-4110126,-13402541,-53813974,57253178,93554485),('39','2015Q1',49.28,39.01,35.57,7.28,5.18,-0.22,49.81,4.14,19.89,13.7,27.81,72.19,233.2,329.6,368.1,112.2,8.28,6.88,0.58,38.52,43.48,52.33,95.81,156000661,-57168005,-18171589,-48875682,107124979,80661067),('4','2023Q4',53.04,41.6,38.1,6.95,4.33,14.41,0,0.87,11.43,16.6,37.04,62.96,160.4,206.8,240.2,96.35,11.78,4.58,0.45,58.83,30.51,78.26,108.77,394829347,-132319502,-75367133,-143372124,251457223,187142712),('40','2014Q4',49.69,39.64,35.94,7.98,5.62,6.44,52.61,10.75,18.37,14.29,30.01,69.99,178.3,274.7,311.7,109.6,7.74,6.8,0.63,42.89,46.39,52.94,99.33,153668847,-55441267,27636039,-52424998,101243849,125863619),('41','2014Q3',50.5,40.39,36.5,8.32,5.66,14.22,28.59,0.37,14.64,15.69,29.09,70.91,131.1,235.1,276.5,105.6,8.18,7.12,0.62,41.02,43.27,50.56,93.83,91245080,-44625139,-78261300,-47881708,43363372,-31641359),('42','2014Q2',49.82,38.63,32.6,6.72,4.51,23.48,17.41,3.57,14.96,15.78,34.75,65.25,103.4,163.9,186.2,93.45,8.91,7.78,0.55,53.25,39.65,46.39,86.04,81748863,-66494559,10346753,-73328005,8420858,25601057),('43','2014Q1',47.5,35.43,32.28,5.48,3.74,1.65,11.65,2.82,22.33,16.72,30.8,69.2,132.9,177.4,204.1,67.91,8.08,7.69,0.46,44.5,44.33,46.88,91.21,94860941,-115859592,7950224,-114905317,-20044376,-13048427),('5','2023Q3',54.26,41.71,38.56,6.41,3.96,13.7,-10.83,6.51,18.12,17.09,38.5,61.5,135.2,182.9,214.7,78.75,10.5,4.03,0.41,62.61,34.09,89.11,123.2,294645276,-242243223,-38451204,-216177778,78467498,13950849),('6','2023Q2',54.11,42,37.79,5.77,3.56,-5.46,-9.98,2.05,18.49,17.62,37.75,62.25,157.5,207.6,241.7,72.44,11.26,3.92,0.38,60.65,31.69,91.84,123.53,167247979,-259326076,-26588885,-241990429,-74742450,-118666982),('7','2023Q1',56.33,45.46,40.69,6.84,4.13,-18.69,3.58,1.63,26.38,16.94,38.7,61.3,158.7,199,228.6,83.42,10.72,4.06,0.41,63.14,33.58,88.24,121.82,385244745,-272231795,-64487030,-300730596,84514149,48525920),('8','2022Q4',62.22,51.96,47.3,10.36,6.16,2.02,42.75,6.92,33.26,16.9,40.37,59.63,142.2,189.9,217.4,101.4,10.15,4.3,0.52,67.7,35.43,83.33,118.76,486881904,-342532013,-69831545,-330256637,156625267,74518346),('9','2022Q3',60.43,50.61,45.82,10.68,6.25,14.79,47.86,6.84,39.34,18.21,40.73,59.27,160.5,218,249.5,94.97,10.09,4.45,0.55,68.71,35.43,81.08,116.51,412698167,-284390325,-130406753,-265843866,146854301,-2098911);
/*!40000 ALTER TABLE `indicators` ENABLE KEYS */;
UNLOCK TABLES;

--
-- Table structure for table `pl`
--

DROP TABLE IF EXISTS `pl`;
/*!40101 SET @saved_cs_client     = @@character_set_client */;
/*!50503 SET character_set_client = utf8mb4 */;
CREATE TABLE `pl` (
  `seasonsID` char(10) NOT NULL,
  `seasons` varchar(65) DEFAULT NULL,
  `OGL` bigint DEFAULT NULL,
  `O_R` bigint DEFAULT NULL,
  `OTIE` bigint DEFAULT NULL,
  `TOCI` bigint DEFAULT NULL,
  `IR` bigint DEFAULT NULL,
  `CNPL` bigint DEFAULT NULL,
  `RSG` bigint DEFAULT NULL,
  `OTRCI` bigint DEFAULT NULL,
  `ITE` bigint DEFAULT NULL,
  `USG` bigint DEFAULT NULL,
  `NOI` bigint DEFAULT NULL,
  `NCI_NP` bigint DEFAULT NULL,
  `EPS` bigint DEFAULT NULL,
  `OI` bigint DEFAULT NULL,
  `OC` bigint DEFAULT NULL,
  `ORV` bigint DEFAULT NULL,
  `OG` bigint DEFAULT NULL,
  `OGN` bigint DEFAULT NULL,
  `OE` bigint DEFAULT NULL,
  `EBT` bigint DEFAULT NULL,
  `EAT` bigint DEFAULT NULL,
  `ME` bigint DEFAULT NULL,
  `CI` bigint DEFAULT NULL,
  `CI_POE` bigint DEFAULT NULL,
  `CI_NCI` bigint DEFAULT NULL,
  `PUL` bigint DEFAULT NULL,
  `NTAX_NR` bigint DEFAULT NULL,
  `NTAX_CR` bigint DEFAULT NULL,
  `FC` bigint DEFAULT NULL,
  `NSR` bigint DEFAULT NULL,
  PRIMARY KEY (`seasonsID`)
) ENGINE=InnoDB DEFAULT CHARSET=utf8mb4 COLLATE=utf8mb4_0900_ai_ci;
/*!40101 SET character_set_client = @saved_cs_client */;

--
-- Dumping data for table `pl`
--

LOCK TABLES `pl` WRITE;
/*!40000 ALTER TABLE `pl` DISABLE KEYS */;
INSERT INTO `pl` VALUES ('1','2024Q3',1853000,41000,500000,-21060000,22600000,325100000,0,-19970000,59110000,0,23420000,-177000,1255000,360800000,320300000,759700000,439300000,439300000,79080000,384200000,325300000,22890000,304000000,302100000,1924000,325100000,0,0,2636000,0),('10','2022Q2',463000,512000,30000,11380000,3546000,237200000,0,11510000,28820000,0,3875000,153000,914000,262100000,218700000,534100000,315500000,315500000,53370000,266000000,237000000,11570000,248600000,249000000,-489000,237200000,-200,-53000,2904000,0),('11','2022Q1',1475000,308000,-802000,15410000,1674000,202900000,0,15050000,23960000,0,3042000,140000,782000,223800000,217900000,491100000,273200000,273200000,48610000,226800000,202700000,10500000,218300000,218300000,900,202900000,0,47000,2141000,0),('12','2021Q4',947000,160000,-105000,-2678000,1463000,166400000,0,-3658000,18450000,0,2047000,141000,641000,182800000,207400000,438200000,230800000,230800000,47880000,184800000,166200000,13650000,163700000,163600000,143000,166400000,29000,3400,2174000,0),('13','2021Q3',1157000,156000,-93000,-707000,1357000,156500000,0,-988000,17370000,0,2848000,221000,603000,171000000,201900000,414700000,212700000,212700000,41650000,173900000,156300000,8930000,155800000,155500000,222000,156500000,200,0,1334000,0),('14','2021Q2',1909000,349000,54000,-10200000,1429000,134500000,0,-11120000,14910000,0,3724000,123000,518000,145700000,185900000,372100000,186200000,186200000,40580000,149400000,134400000,7827000,124300000,124200000,122000,134500000,100,0,1134000,0),('15','2021Q1',2262000,308000,-189000,5967000,1461000,139700000,0,6165000,15330000,0,4526000,48000,539000,150500000,172600000,362400000,189800000,189800000,39110000,155100000,139700000,6524000,145700000,145700000,48000,139700000,56000,0,772000,0),('16','2020Q4',1549000,199000,205000,-15650000,1653000,142800000,64000,-12890000,18280000,0,3987000,58000,551000,157100000,166400000,361500000,195200000,195200000,38320000,161100000,142800000,6388000,127200000,127100000,58000,142800000,-422000,0,769000,0),('17','2020Q3',2601000,118000,445000,-5435000,1898000,137400000,13000,-5608000,17750000,0,5077000,68000,530000,150000000,165900000,356400000,190500000,190500000,40890000,155100000,137300000,9273000,131900000,131900000,68000,137400000,-200,0,373000,0),('18','2020Q2',2323000,233000,-8500,-11880000,2478000,120900000,-69000,-11910000,15510000,0,5304000,70000,466000,131100000,146000000,310700000,164700000,164600000,33520000,136400000,120800000,6894000,109000000,108900000,71000,120900000,-400,0,409000,0),('19','2020Q1',331000,111000,68000,2648000,2989000,117100000,-7700,2738000,15080000,0,3626000,76000,451000,128500000,149800000,310600000,160800000,160800000,32320000,132100000,117000000,5903000,119700000,119600000,76000,117100000,-100,0,531000,0),('2','2024Q2',58000,203000,-1274000,13460000,20980000,247700000,0,12710000,58650000,0,19760000,-184000,956000,286600000,315400000,673500000,358100000,358100000,70300000,306300000,247800000,19290000,261100000,262300000,-1139000,247700000,0,0,2638000,0),('20','2019Q4',827000,171000,-16000,-16740000,3318000,116100000,-43000,-17040000,12700000,0,4538000,43000,448000,124200000,158000000,317200000,159200000,159200000,34940000,128800000,116000000,7498000,99340000,99290000,43000,116100000,31000,0,644000,0),('21','2019Q3',459000,2000,-146000,-3225000,3916000,101100000,-20000,-3140000,11230000,0,4449000,33000,390000,107900000,153600000,293000000,139400000,139400000,31380000,112300000,101100000,5810000,97880000,97840000,33000,101100000,-15000,0,843000,0),('22','2019Q2',-314000,244000,-261000,3526000,4547000,66780000,57000,3243000,13770000,0,4241000,11000,257000,76300000,137300000,241000000,103700000,103700000,27160000,80550000,66760000,4288000,70300000,70290000,11000,66780000,-13000,0,865000,0),('23','2019Q1',-28000,4409000,-74000,4616000,0,61390000,5400,4675000,6794000,0,3916000,-6500,237000,64270000,128400000,218700000,90350000,90360000,26020000,68180000,61390000,4141000,66000000,66010000,-6500,61390000,18000,0,899000,0),('24','2018Q4',-428000,4151000,-144000,1649000,0,100000000,0,4376000,11080000,0,3959000,21000,386000,107100000,151700000,289800000,138000000,138100000,30850000,111100000,99980000,5687000,101700000,101600000,21000,100000000,-129000,0,876000,0),('25','2018Q3',-424000,3817000,7000,-3881000,0,89100000,0,-3492000,9799000,14000,3652000,26000,344000,95250000,137000000,260300000,123400000,123400000,28130000,98900000,89070000,4657000,85220000,85190000,27000,89100000,-30000,0,739000,0),('26','2018Q2',-209000,3730000,-663000,19260000,0,72290000,0,20140000,15290000,57000,3159000,2800,279000,84430000,121700000,233300000,111600000,111500000,26440000,87590000,72290000,5071000,91550000,91550000,3200,72290000,2800,0,628000,0),('27','2018Q1',88000,3155000,-1302000,-7186000,0,89790000,-117000,-7243000,10160000,0,3117000,3000,346000,96830000,123100000,248100000,125000000,124900000,26730000,99940000,89780000,4852000,82600000,82600000,5300,89790000,-39000,0,808000,0),('28','2017Q4',-89000,2751000,-1011000,-7976000,0,99310000,0,-7731000,12370000,-33000,2780000,20000,383000,108900000,138900000,277600000,138700000,138700000,28840000,111700000,99290000,6018000,91330000,91310000,20000,99310000,-31000,0,831000,0),('29','2017Q3',425000,2129000,-287000,-904000,0,89950000,0,-904000,10570000,-3500,2462000,24000,347000,98060000,126200000,252100000,125900000,125900000,27540000,100500000,89930000,5004000,89050000,89030000,16000,89950000,0,-1200,843000,0),('3','2024Q1',-86000,72000,-130000,41270000,19360000,225200000,0,36380000,41320000,0,17520000,-264000,870000,249000000,278100000,592600000,314500000,314500000,65360000,266500000,225500000,16140000,266500000,267400000,-903000,225200000,10000,0,2698000,0),('30','2017Q2',457000,2626000,-86000,1410000,0,66270000,0,1410000,19850000,45000,2862000,-400,256000,83260000,105100000,213900000,108800000,108700000,25370000,86120000,66270000,4927000,67680000,67680000,900,66270000,0,-6000,840000,0),('31','2017Q1',515000,2105000,19000,-21350000,0,87620000,4000,-21350000,10200000,0,2470000,-8000,338000,95350000,112400000,233900000,121500000,121500000,26160000,97820000,87630000,5248000,66270000,66270000,-6200,87620000,0,-46000,817000,0),('32','2016Q4',262000,1808000,-25000,5932000,0,100200000,0,6882000,11820000,29000,2140000,28000,386000,109900000,125100000,262200000,137100000,137100000,27180000,112000000,100200000,5699000,106200000,106100000,27000,100200000,-127000,55000,811000,0),('33','2016Q3',408000,1521000,52000,-10110000,0,96790000,12000,-10110000,11460000,0,1987000,30000,373000,106300000,128400000,260400000,132000000,132100000,25840000,108200000,96760000,5585000,86680000,86650000,27000,96790000,0,34000,823000,0),('34','2016Q2',222000,1793000,-5600,-391000,0,72530000,0,-391000,20880000,7000,2085000,22000,280000,91320000,107500000,221800000,114300000,114300000,23010000,93410000,72510000,4667000,72140000,72120000,20000,72530000,0,-10000,821000,0),('35','2016Q1',466000,1333000,8700,-6498000,0,64790000,-33000,-6498000,7463000,0,1789000,11000,250000,70470000,112100000,203500000,91370000,91340000,20880000,72260000,64780000,3845000,58290000,58280000,10000,64790000,0,-17000,851000,0),('36','2015Q4',986000,1258000,251000,-2094000,0,72840000,-700,-1363000,7802000,0,2680000,4900,281000,77960000,104600000,203500000,98910000,98920000,21210000,80640000,72840000,4131000,70750000,70740000,6300,72840000,-99000,13000,820000,0),('37','2015Q3',3807000,1066000,-1787000,9284000,0,75320000,19000,9284000,8077000,0,5006000,-12000,291000,78390000,110200000,212500000,102300000,102300000,22160000,83390000,75330000,4297000,84600000,84610000,-11000,75320000,0,-16000,793000,212500000),('38','2015Q2',19490000,1545000,-81000,-20260000,0,79410000,0,-20260000,18720000,-1000,21060000,-4600,306000,77070000,105700000,205400000,99700000,99700000,22560000,98130000,79420000,4464000,59150000,59160000,-7500,79410000,0,13000,783000,0),('39','2015Q1',410000,882000,-265000,-1646000,0,78980000,0,-1646000,9275000,20000,1633000,-6000,305000,86630000,112600000,222000000,109400000,109400000,22540000,88260000,78990000,4366000,77340000,77350000,-13000,78980000,0,4800,794000,0),('4','2023Q4',2195000,76000,58000,-37230000,17410000,238300000,0,-37670000,39970000,0,18080000,-406000,921000,260200000,293800000,625500000,331800000,331800000,71620000,278300000,238700000,18240000,201100000,201200000,-122000,238300000,-125000,0,2919000,0),('40','2014Q4',245000,762000,-767000,9109000,0,79970000,15000,8898000,9345000,0,1095000,-20000,309000,88220000,112000000,222500000,110500000,110600000,21580000,89310000,79990000,4257000,89070000,89080000,-4700,79970000,32000,-8600,822000,222500000),('41','2014Q3',40000,688000,-5300,3380000,0,76300000,-3200,3380000,9076000,0,949000,-31000,294000,84430000,103500000,209000000,105600000,105600000,21140000,85380000,76330000,4612000,79680000,79710000,-30000,76300000,0,2600,816000,209000000),('42','2014Q2',1821000,1317000,-227000,-3099000,0,59660000,-4400,-3099000,14440000,0,3384000,-42000,230000,70710000,91830000,183000000,91190000,91190000,20250000,74090000,59700000,5408000,56560000,56600000,-43000,59660000,0,14000,801000,183000000),('43','2014Q1',7000,614000,-2700,2414000,0,47840000,21000,2414000,5455000,0,780000,-25000,185000,52520000,77840000,148200000,70380000,70400000,17880000,53300000,47870000,4656000,50260000,50280000,-24000,47840000,0,-3000,797000,0),('5','2023Q3',147000,78000,131000,26050000,15600000,210800000,0,25950000,31150000,0,13880000,-205000,814000,228100000,250100000,546700000,296600000,296600000,68710000,241900000,211000000,15000000,236800000,237300000,-441000,210800000,0,0,3112000,0),('6','2023Q2',678000,238000,-47000,5659000,13670000,181700000,0,5263000,32960000,0,12720000,-82000,701000,202000000,220600000,480800000,260200000,260200000,58190000,214700000,181800000,14160000,187400000,188200000,-811000,181700000,0,0,3005000,0),('7','2023Q1',1256000,88000,47000,-3296000,13620000,206900000,0,-3891000,37330000,0,13040000,-38000,798000,231200000,222100000,508600000,286500000,286500000,55310000,244300000,207000000,13480000,203700000,203800000,-181000,206900000,0,0,2964000,0),('8','2022Q4',633000,6200,391000,-16480000,10590000,295900000,0,-16140000,38790000,0,9629000,-26000,1141000,325000000,236300000,625500000,389200000,389200000,64540000,334700000,295900000,16960000,279400000,278900000,493000,295900000,-734000,0,3335000,0),('9','2022Q3',923000,121000,12000,32120000,6615000,281000000,0,32200000,35720000,0,6367000,103000,1083000,310300000,242600000,613100000,370500000,370500000,60190000,316700000,280900000,14500000,313100000,312900000,201000,281000000,0,0,3370000,0);
/*!40000 ALTER TABLE `pl` ENABLE KEYS */;
UNLOCK TABLES;

--
-- Table structure for table `seasons`
--

DROP TABLE IF EXISTS `seasons`;
/*!40101 SET @saved_cs_client     = @@character_set_client */;
/*!50503 SET character_set_client = utf8mb4 */;
CREATE TABLE `seasons` (
  `seasonsID` char(10) NOT NULL,
  `seasons` varchar(65) DEFAULT NULL,
  PRIMARY KEY (`seasonsID`)
) ENGINE=InnoDB DEFAULT CHARSET=utf8mb4 COLLATE=utf8mb4_0900_ai_ci;
/*!40101 SET character_set_client = @saved_cs_client */;

--
-- Dumping data for table `seasons`
--

LOCK TABLES `seasons` WRITE;
/*!40000 ALTER TABLE `seasons` DISABLE KEYS */;
INSERT INTO `seasons` VALUES ('1','2024Q3'),('10','2022Q2'),('11','2022Q1'),('12','2021Q4'),('13','2021Q3'),('14','2021Q2'),('15','2021Q1'),('16','2020Q4'),('17','2020Q3'),('18','2020Q2'),('19','2020Q1'),('2','2024Q2'),('20','2019Q4'),('21','2019Q3'),('22','2019Q2'),('23','2019Q1'),('24','2018Q4'),('25','2018Q3'),('26','2018Q2'),('27','2018Q1'),('28','2017Q4'),('29','2017Q3'),('3','2024Q1'),('30','2017Q2'),('31','2017Q1'),('32','2016Q4'),('33','2016Q3'),('34','2016Q2'),('35','2016Q1'),('36','2015Q4'),('37','2015Q3'),('38','2015Q2'),('39','2015Q1'),('4','2023Q4'),('40','2014Q4'),('41','2014Q3'),('42','2014Q2'),('43','2014Q1'),('5','2023Q3'),('6','2023Q2'),('7','2023Q1'),('8','2022Q4'),('9','2022Q3');
/*!40000 ALTER TABLE `seasons` ENABLE KEYS */;
UNLOCK TABLES;
/*!40103 SET TIME_ZONE=@OLD_TIME_ZONE */;

/*!40101 SET SQL_MODE=@OLD_SQL_MODE */;
/*!40014 SET FOREIGN_KEY_CHECKS=@OLD_FOREIGN_KEY_CHECKS */;
/*!40014 SET UNIQUE_CHECKS=@OLD_UNIQUE_CHECKS */;
/*!40101 SET CHARACTER_SET_CLIENT=@OLD_CHARACTER_SET_CLIENT */;
/*!40101 SET CHARACTER_SET_RESULTS=@OLD_CHARACTER_SET_RESULTS */;
/*!40101 SET COLLATION_CONNECTION=@OLD_COLLATION_CONNECTION */;
/*!40111 SET SQL_NOTES=@OLD_SQL_NOTES */;

-- Dump completed on 2025-01-11 17:37:35
